id,audio_file,text,contest_type,sample_type,wpm,condition,duration
0,morse_000000.wav,CQ CQ CQ DE JG5GM JG5GM JG5GM JG5GM DE WL8ZBC 599 11 K QRZ? DE JG5GM JG5GM DE WL8ZBC 599 11 K R 599 40 TU 73 GL WL8ZBC TEST,IARU,qso,34,dx_expedition,57.7766875
1,morse_000001.wav,UG2BL 599 3191,CQWPX,exchange,24,dx_expedition,11.532
2,morse_000002.wav,CQ CQ CQ DE DC0MA DC0MA DC0MA DC0MA 599 49 EF3IQL TU 599 83 DC0MA 73 GL EF3IQL TEST,IARU,qso,16,contest_moderate,80.9616875
3,morse_000003.wav,DP1JWE 599 71,IARU,exchange,30,contest_poor,8.15575
4,morse_000004.wav,IU4RT 599 23,CQWW,exchange,38,contest_moderate,5.8391875
5,morse_000005.wav,CQ IARU CQ IARU DE LQ7GN LQ7GN K LQ7GN DI4KV 599 54 R 599 16 TU 73 GL DI4KV TEST,IARU,qso,40,dx_expedition,30.250875
6,morse_000006.wav,RG?,SWEEPSTAKES,partial,15,clean,3.37925
7,morse_000007.wav,CQ CQ CQ DE ZX1N0 ZX1N0 ZX1N0 ZX1N0 KATE UT VO1JQ R RAY NH TU 73 GL VO1JQ TEST,NAQP,qso,35,contest_poor,36.05175
8,morse_000008.wav,CQ TEST CQ TEST DE WS8OG WS8OG K,IARU,cq,19,contest_moderate,23.330875
9,morse_000009.wav,CQ CQ CQ DE NC3CWD NC3CWD NC3CWD,IARU,cq,28,clean,17.691875
10,morse_000010.wav,TEST JI7DNC JI7DNC TEST JI7DNC 599 8257 JB7PHA 599 4228 GL TU QRZ? JB7PHA,CQWPX,qso,20,contest_good,55.89225
11,morse_000011.wav,CQ ARRLDX CQ ARRLDX DE JB4QRT JB4QRT K JB4QRT IU7GT 599 100 NR? NR? JB4QRT IU7GT 599 100 R 599 100 TU TU QRZ? IU7GT,ARRLDX,qso,20,contest_moderate,91.0923125
12,morse_000012.wav,CQ CQ CQ DE F3DV F3DV F3DV F3DV DE LP2DZ 2A SB K 1B MN GL 73 GL LP2DZ TEST,FIELD_DAY,qso,24,clean,46.85075
13,morse_000013.wav,CQ TEST CQ TEST DE JL6ENL JL6ENL K JL6ENL LO0CAL CARL MA R LIZ NH TU 73 GL LO0CAL TEST,NAQP,qso,21,contest_poor,56.1975
14,morse_000014.wav,EB8KZ 599 31,CQWW,exchange,18,dx_expedition,12.30975
15,morse_000015.wav,CQ TEST CQ TEST DE NX3AOW NX3AOW K NX3AOW 3909 B 54 PR KS4HJ NR? NR? NX3AOW 3909 B 54 PR KS4HJ TU 3008 A 38 VT NX3AOW QSL TU TEST KS4HJ,SWEEPSTAKES,qso,40,contest_poor,51.053
16,morse_000016.wav,LW0HIB 599 23,IARU,exchange,33,dx_expedition,7.453625
17,morse_000017.wav,TEST JB7IQL JB7IQL TEST JB7IQL DE EC5M3 1A ID K EC5? EC5? JB7IQL DE EC5M3 1A ID K TU 2B VT JB7IQL TU QRZ? EC5M3,FIELD_DAY,qso,30,clean,53.1026875
18,morse_000018.wav,CQ CQ CQ DE IZ7O3 IZ7O3 IZ7O3 IZ7O3 DE F4KI 599 7 K R 599 2 TU TU QRZ? F4KI,CQWW,qso,27,contest_good,44.741375
19,morse_000019.wav,CQ TEST CQ TEST DE DO7PYC DO7PYC K,ARRLDX,cq,36,contest_poor,13.91275
20,morse_000020.wav,JG8X?,NAQP,partial,18,contest_moderate,5.3839375
21,morse_000021.wav,TEST DH1IS DH1IS TEST,IARU,cq,15,contest_good,16.2710625
22,morse_000022.wav,PX?,CQWPX,partial,32,contest_good,2.2308125
23,morse_000023.wav,CQ TEST CQ TEST DE IU7F8 IU7F8 K,FIELD_DAY,cq,18,contest_poor,23.767125
24,morse_000024.wav,GM7XY 1579 MARY VT,SPRINT,exchange,27,clean,11.18325
25,morse_000025.wav,G9USG 1034 B 18 MB,SWEEPSTAKES,exchange,22,clean,14.491
26,morse_000026.wav,WR5IA T835 B 47 WPA,SWEEPSTAKES,exchange,23,contest_moderate,12.5740625
27,morse_000027.wav,TEST PX7ZEY PX7ZEY TEST PX7ZEY NM1D 5386 A 12 CO 6T701 A 11 SB GL 73 GL NM1D TEST,SWEEPSTAKES,qso,28,dx_expedition,43.936625
28,morse_000028.wav,TEST UC1PIV UC1PIV TEST,FIELD_DAY,cq,22,contest_poor,13.391375
29,morse_000029.wav,CQ TEST CQ TEST DE DR0ZY DR0ZY K,NAQP,cq,37,dx_expedition,12.6169375
30,morse_000030.wav,CQ TEST CQ TEST DE GU0GFV GU0GFV K GU0GFV IU2LE 599 8063 R 599 9187 TU 73 GL IU2LE TEST,CQWPX,qso,22,contest_poor,60.0289375
31,morse_000031.wav,CQ CQ CQ DE KE5FKT KE5FKT KE5FKT KE5FKT I4LP 599 KW KE5FKT AGN KE5FKT I4LP 599 KW TU 589 TX KE5FKT QSL TU TEST I4LP,ARRLDX,qso,29,dx_expedition,55.193625
32,morse_000032.wav,TEST F0A8 F0A8 TEST,ARRLDX,cq,16,contest_moderate,16.0561875
33,morse_000033.wav,TEST EC5ZU EC5ZU TEST EC5ZU LARRY ME NM6ZG NM6? NM6? EC5ZU LARRY ME NM6ZG R BOB VA TU QSL TU TEST NM6ZG,NAQP,qso,38,dx_expedition,36.391
34,morse_000034.wav,RG0AVD 143 B 08 IA,SWEEPSTAKES,exchange,40,clean,8.2491875
35,morse_000035.wav,TEST JH2NV JH2NV TEST JH2NV AG0G 599 23 NR? NR? JH2NV AG0G 599 23 TU 559 4 JH2NV QSL TU TEST AG0G,CQWW,qso,31,clean,47.6501875
36,morse_000036.wav,CQ TEST CQ TEST DE JS6WC JS6WC K,CQWPX,cq,25,contest_moderate,17.7311875
37,morse_000037.wav,CQ TEST CQ TEST DE EG6HA EG6HA K,ARRLDX,cq,20,contest_moderate,20.2785
38,morse_000038.wav,JL4RF 1B MS,FIELD_DAY,exchange,28,contest_good,6.92975
39,morse_000039.wav,CQ CQ CQ DE ZY1HI ZY1HI ZY1HI ZY1HI DE VK1AJY 8512 B 49 UT K NR? NR? ZY1HI DE VK1AJY 8512 B 49 UT K TU 3643 A 82 EWA ZY1HI TU QRZ? VK1AJY,SWEEPSTAKES,qso,22,contest_good,99.1519375
40,morse_000040.wav,DK8JZ 599 8,IARU,exchange,15,contest_good,13.96825
41,morse_000041.wav,JB4HF 599 58,IARU,exchange,23,clean,9.5275625
42,morse_000042.wav,I0U9 DAN LA,NAQP,exchange,28,contest_poor,5.9031875
43,morse_000043.wav,TEST UG3KWP UG3KWP TEST UG3KWP VO6GGZ FRANK MD PAUL AZ GL QSL TU NAQP VO6GGZ,NAQP,qso,32,dx_expedition,33.9593125
44,morse_000044.wav,NP7O?,IARU,partial,17,contest_moderate,5.1973125
45,morse_000045.wav,CQ CQ CQ DE VE1PY VE1PY VE1PY VE1PY 599 12 DQ4LKB NR? NR? VE1PY 599 12 DQ4LKB R 599 22 TU QSL TU TEST DQ4LKB,CQWW,qso,38,contest_poor,46.0999375
46,morse_000046.wav,TEST JG8PW JG8PW TEST,SPRINT,cq,40,clean,7.5358125
47,morse_000047.wav,ZW4UMB 3A NV,FIELD_DAY,exchange,29,contest_moderate,6.242625
48,morse_000048.wav,VK6IUY8 599 4516,CQWPX,exchange,40,contest_good,7.670625
49,morse_000049.wav,TEST F8NBC F8NBC TEST F8NBC 599 78 UC6PQ5 TU 599 2 F8NBC QSL TU TEST UC6PQ5,IARU,qso,34,contest_moderate,33.21225
50,morse_000050.wav,CQ TEST CQ TEST DE VY4ZKZ VY4ZKZ K VY4ZKZ JD8HO 1A ND R 7A ON TU 73 GL JD8HO TEST,FIELD_DAY,qso,15,contest_moderate,78.6709375
51,morse_000051.wav,VK1UNB 3975 A 74 MT,SWEEPSTAKES,exchange,35,dx_expedition,9.0313125
52,morse_000052.wav,IQ2RR 599 37,CQWW,exchange,40,dx_expedition,5.4806875
53,morse_000053.wav,TEST EF8OI EF8OI TEST EF8OI 599 1500 JF4HR 599 KW GL QSL TU TEST JF4HR,ARRLDX,qso,31,contest_good,32.741
54,morse_000054.wav,JH6WX 8487 ?,SPRINT,partial,25,contest_moderate,9.067
55,morse_000055.wav,M35JVW 599 ?,CQWW,partial,40,contest_moderate,5.7200625
56,morse_000056.wav,UA5?,FIELD_DAY,partial,24,dx_expedition,3.0068125
57,morse_000057.wav,CQ CQ CQ DE JM0MNZ JM0MNZ JM0MNZ JM0MNZ KQ5L BOB WI ED IA GL 73 GL KQ5L TEST,NAQP,qso,23,contest_good,50.4903125
58,morse_000058.wav,ED2QR 599 33,CQWW,exchange,40,contest_poor,5.4998125
59,morse_000059.wav,CQ TEST CQ TEST DE EF8EP3 EF8EP3 K EF8EP3 DE NI7Z 599 38 K NI? NI? EF8EP3 DE NI7Z 599 38 K TU 599 20 EF8EP3 QSL TU TEST NI7Z,CQWW,qso,29,contest_moderate,61.940875
60,morse_000060.wav,JE4JWT T453 ?,SPRINT,partial,29,dx_expedition,7.228375
61,morse_000061.wav,TEST JS6CME JS6CME TEST JS6CME 599 26 GW1JTA 599 29 GL QSL TU TEST GW1JTA,CQWW,qso,22,contest_moderate,47.753375
62,morse_000062.wav,CQ CQ CQ DE IK8LW0 IK8LW0 IK8LW0,SPRINT,cq,25,contest_moderate,21.531375
63,morse_000063.wav,DO?,IARU,partial,24,clean,2.677125
64,morse_000064.wav,DP4GTF JIM DC,NAQP,exchange,30,contest_moderate,6.496
65,morse_000065.wav,CQ CQ CQ DE EF1RXO EF1RXO EF1RXO,IARU,cq,34,clean,15.12225
66,morse_000066.wav,F7VU 7340 A 11 IA,SWEEPSTAKES,exchange,17,contest_moderate,16.9944375
67,morse_000067.wav,M38LP 599 ?,ARRLDX,partial,16,contest_good,12.9770625
68,morse_000068.wav,DR2M?,SPRINT,partial,24,dx_expedition,3.8235
69,morse_000069.wav,M60JXM DICK ?,NAQP,partial,38,contest_good,5.9085
70,morse_000070.wav,VO4?,FIELD_DAY,partial,39,contest_good,2.3233125
71,morse_000071.wav,ZY4D?,NAQP,partial,29,contest_good,3.155375
72,morse_000072.wav,CQ CQ CQ DE DJ7SP DJ7SP DJ7SP DJ7SP 3A VA M60GA R 5A EWA TU QSL TU TEST M60GA,FIELD_DAY,qso,31,contest_good,36.4804375
73,morse_000073.wav,CQ CQ CQ DE JF7KV JF7KV JF7KV JF7KV DE UA5B1 579 9 K TU 589 25 JF7KV QSL TU TEST UA5B1,CQWW,qso,25,dx_expedition,53.9255625
74,morse_000074.wav,WY?,IARU,partial,25,contest_poor,2.3908125
75,morse_000075.wav,LT4TOP 3A ON,FIELD_DAY,exchange,38,clean,4.7778125
76,morse_000076.wav,CQ FIELD_DAY CQ FIELD_DAY DE KI8PP KI8PP K KI8PP RR3GXT 3A SNJ RR3G? RR3G? KI8PP RR3GXT 3A SNJ R 3A BC TU TU QRZ? RR3GXT,FIELD_DAY,qso,24,clean,71.8310625
77,morse_000077.wav,CQ CQ CQ DE JS1YW6 JS1YW6 JS1YW6 JS1YW6 DE NX3U3 599 CA K 599 KW GL QSL TU TEST NX3U3,ARRLDX,qso,16,dx_expedition,83.8341875
78,morse_000078.wav,JB?,IARU,partial,28,contest_good,2.5868125
79,morse_000079.wav,LU7PX 599 1500,ARRLDX,exchange,22,contest_moderate,12.4270625
80,morse_000080.wav,I0FFW 599 1500,ARRLDX,exchange,27,contest_good,10.1414375
81,morse_000081.wav,IW4KI1 1967 PAT WV,SPRINT,exchange,26,contest_good,11.1820625
82,morse_000082.wav,CQ CQ CQ DE JK4PWM JK4PWM JK4PWM,ARRLDX,cq,39,dx_expedition,13.2803125
83,morse_000083.wav,TEST LQ3MM LQ3MM TEST,FIELD_DAY,cq,30,contest_poor,9.0710625
84,morse_000084.wav,CQ CQ CQ DE JF0ZBE JF0ZBE JF0ZBE JF0ZBE 6T272 GARY TX AY1VFT R 7943 BILL AK TU QSL TU TEST AY1VFT,SPRINT,qso,20,contest_poor,73.6806875
85,morse_000085.wav,CQ CQ CQ DE JJ5PW JJ5PW JJ5PW,SWEEPSTAKES,cq,22,dx_expedition,22.1475
86,morse_000086.wav,IK3VN 2B KS,FIELD_DAY,exchange,37,clean,5.21875
87,morse_000087.wav,TEST EF3YXU EF3YXU TEST,CQWW,cq,23,dx_expedition,12.7376875
88,morse_000088.wav,TEST G1XE G1XE TEST,SWEEPSTAKES,cq,36,contest_good,6.5099375
89,morse_000089.wav,JF8VLD 30 LARRY MN,SPRINT,exchange,30,dx_expedition,9.674
90,morse_000090.wav,TEST ND7LW ND7LW TEST ND7LW GI0LUE 3B WNY 6B VA GL QSL TU TEST GI0LUE,FIELD_DAY,qso,15,contest_moderate,60.8561875
91,morse_000091.wav,WM2D 715 A 50 SJV,SWEEPSTAKES,exchange,23,contest_good,12.5791875
92,morse_000092.wav,CQ TEST CQ TEST DE VY9URA VY9URA K VY9URA IQ4IEJ 599 14 IQ4IE? IQ4IE? VY9URA IQ4IEJ 599 14 579 19 GL QSL TU TEST IQ4IEJ,IARU,qso,19,contest_good,91.9
93,morse_000093.wav,M17Q?,SPRINT,partial,40,contest_good,3.0091875
94,morse_000094.wav,CQ TEST CQ TEST DE JQ3T8 JQ3T8 K,SPRINT,cq,31,dx_expedition,14.888
95,morse_000095.wav,WJ2O AL ?,NAQP,partial,37,contest_good,4.3778125
96,morse_000096.wav,CQ SWEEPSTAKES CQ SWEEPSTAKES DE JD2XK JD2XK K JD2XK 3844 B 96 BC JE8IBV TU 3311 B 02 EPA JD2XK TU QRZ? JE8IBV,SWEEPSTAKES,qso,18,clean,91.4944375
97,morse_000097.wav,AG8ZX 7993 ?,SPRINT,partial,25,contest_poor,9.257625
98,morse_000098.wav,TEST RH6KS RH6KS TEST,NAQP,cq,17,clean,14.4160625
99,morse_000099.wav,TEST JC5XD JC5XD TEST JC5XD DE EH5FIK 599 3 K R 599 21 TU TU QRZ? EH5FIK,CQWW,qso,33,contest_good,32.15425
